ts,node,label,net_rx_bytes_rate,net_tx_bytes_rate,net_rx_pkts_rate,net_tx_pkts_rate,nebula_mbps,conn_rate,active_peers,relay_ratio,relay_bytes_rate,cot_switches_rate,cot_latency_avg_ms,policy_event_rate,attest_rate,proto_violation_rate,error_rate,cpu_util_pct,mem_used_pct,open_fds,load1
1750028740,nodeA,normal,1451601.9919371484,908710.1838430478,1475.8419532336945,841.1350058774966,7.279120476941037,1.0,7.0,0.5824986789973852,845556.2427333619,1.1892233806477674,35.73723988445492,0.0,0.0,0.0,0.0,24.451028933044235,53.64514766235775,267.0,0.9675710752514335
1750028741,nodeA,normal,1399032.1900696089,809872.3422327946,1305.563797983024,783.2834076141695,7.29771016588375,0.0,8.0,0.6017659788735451,841889.9753328378,1.0430647104069102,33.439493206673745,0.0,0.0,0.0,0.0,25.937673061726873,52.287402354496855,277.0,0.9070633590552063
1750028742,nodeA,normal,1408456.1919051555,914363.4026765499,1444.2326603802708,953.6046201693828,7.39287999020503,1.0,8.0,0.5753365475535314,810336.3228311063,0.934463176825026,30.664761310466012,0.0,0.0,0.0,0.0,28.473102457513285,53.750977061061725,287.0,1.0347980981785228
1750028743,nodeA,normal,1443342.131222385,898396.7237432956,1536.2203818741025,986.5562123267151,8.445507904750624,0.0,8.0,0.622581363187484,898597.9116023609,0.8415418240710137,31.546931093555123,0.0,0.0,0.0,1.0,30.940776080469416,55.26858448777023,286.0,1.177360927380887
1750028744,nodeA,normal,1444672.2134151564,801278.6762174297,1322.1226532988094,833.9364755084625,8.36572521137004,8.0,8.0,0.6352033939955792,917660.693172413,0.6383954812727595,31.267540120554983,0.0,0.0,7.0,0.0,29.05190934603379,53.26118778094012,282.0,1.1710744130315482
1750028745,nodeA,normal,1424681.03683826,758079.6526434072,1525.9415961235836,714.6603898331118,9.00986791004126,2.0,8.0,0.6757541088556425,962734.0644521711,0.7931967493396159,31.668803402361725,0.0,0.0,0.0,0.0,28.940040064399515,53.43745352405423,279.0,1.1660836264659675
1750028746,nodeA,normal,1414625.247296197,819125.295701143,1402.1243653445015,844.7072126091202,9.22150562714045,3.0,8.0,0.664675160631192,940266.2634795395,1.0003185312727896,30.626477853244353,0.0,0.0,0.0,0.0,28.30173198350797,52.37481060603554,289.0,1.1272955065750863
1750028747,nodeA,normal,1389717.902359761,706673.4105365587,1509.3997982655746,663.6458055890471,8.60788741807803,3.0,8.0,0.63281656718047,879436.5123205476,0.9163490898817858,28.54690827351227,0.0,1.0,0.0,0.0,31.383918451448647,53.74476246208824,291.0,1.2125348769884343
1750028748,nodeA,normal,1363330.918421685,678326.4264920721,1447.4861250741867,665.4739942875459,8.095838214227086,9.0,8.0,0.6081838940691829,829155.9068706159,0.7597618703186473,28.165280347976772,0.0,0.0,7.0,0.0,30.288340110724796,54.75246789834141,293.0,1.1870390968208457
1750028749,nodeA,normal,1369381.4167364945,709991.7660350106,1321.0933730047395,649.0119252849424,9.026396847366703,1.0,9.0,0.5945771893317477,814202.9538863116,1.2058096319872214,32.07477801754711,0.0,0.0,0.0,1.0,30.680234266968206,54.53559149342891,291.0,1.2062313897418875
1750028750,nodeA,normal,1253367.998181683,766936.1093679032,1321.7419859545864,697.4794778935877,8.145483399669846,2.0,9.0,0.6417094579341457,804298.0987051731,1.284619738820894,32.90297270192151,0.0,0.0,0.0,0.0,29.726126648770755,54.295504783096334,284.0,1.189682546142109
1750028751,nodeA,normal,1236418.7642086614,638864.9224528958,1352.9625972298702,692.5726715196454,8.657353456027039,1.0,9.0,0.6122601769994155,757009.9714197936,0.9836183519678663,34.26244499248884,0.0,0.0,0.0,0.0,29.4342286777365,54.52127945185112,286.0,1.1589602937601726
1750028752,nodeA,normal,1244264.7097793831,788145.8822030539,1367.2025383568275,835.0302183843161,8.41567368601908,0.0,9.0,0.608290562385153,756874.4800677001,0.9437095662569301,34.615820434532594,0.0,0.0,0.0,0.0,30.089911684046037,54.42522442084378,291.0,1.1314830582642796
1750028753,nodeA,normal,1208456.7653986881,784729.6368861431,1137.889163385503,745.4470789814684,8.650358202967471,0.0,8.0,0.6227897532720321,752614.490762567,1.0435898973891085,35.313317945267976,0.0,0.0,0.0,0.0,30.469352473243987,53.62184836168186,286.0,1.2092565214744997
1750028754,nodeA,normal,1244806.016964911,742105.1982329022,1204.7165440130511,773.1917163274668,8.468915547897348,1.0,9.0,0.5896102461517249,733950.3820738294,0.9609004335998135,35.21446386793217,0.0,1.0,0.0,0.0,29.99869893148609,54.8607433652893,291.0,1.2899899955133978
1750028755,nodeA,normal,1289313.4644153595,787187.9600997639,1244.3332012667015,748.2642914324172,8.75787745843328,1.0,9.0,0.5961017070396383,768561.9570471857,1.0600080666195357,35.77510817079665,0.0,0.0,0.0,1.0,32.476311598661205,55.97216050445158,295.0,1.3726954266119025
1750028756,nodeA,normal,1256174.5067955921,790767.0115252134,1357.783964495719,863.119598418173,8.684010267813983,10.0,8.0,0.6065233010343108,761899.1085368099,1.0257584376120705,36.17986271436684,0.0,0.0,7.0,0.0,34.06080037575121,56.26823963040221,297.0,1.4665188493772152
1750028757,nodeA,normal,1261997.49484877,798729.1540713896,1181.522654611688,767.2658522533818,8.826943992503658,3.0,9.0,0.6111250511112786,771238.2835417602,0.5137220470946136,36.37165574882228,0.0,0.0,0.0,0.0,33.46237456872007,56.36406758613916,297.0,1.4481457454279734
1750028758,nodeA,normal,1322718.485565769,834063.3755175445,1345.1378464738705,891.3726956409026,8.891472372787694,2.0,8.0,0.5395056061273342,713614.0382909898,0.26799353470900666,35.032224530754156,0.0,0.0,0.0,0.0,31.10379149603965,55.57182951865286,293.0,1.3685634165397256
1750028759,nodeA,normal,1334329.5822710083,861139.9702517563,1362.155143925852,805.3456402702916,8.780892298371741,8.0,8.0,0.5427428922257089,724197.896664089,0.43933347158147296,32.94703164015835,0.0,0.0,7.0,0.0,30.60375353706938,55.706448646922716,292.0,1.2116493758638536
1750028760,nodeA,normal,1340122.1757322515,709269.9905888793,1336.1948056833578,683.6397882878871,8.33962467066294,1.0,8.0,0.5500154591971521,737087.9138656609,0.3293410542915388,31.235265251366656,0.0,0.0,0.0,0.0,30.297964763729823,54.54044076374922,295.0,1.263126266860733
1750028761,nodeA,normal,1329484.2934580874,664401.4060996913,1412.130722711952,711.9818146807452,8.79595430184352,2.0,7.0,0.5487115418140204,729503.3764809107,0.4843907398680077,30.41279866071494,0.0,0.0,0.0,0.0,30.88949497098959,53.13791940031317,291.0,1.255018368799977
1750028762,nodeA,normal,1343285.413845226,700647.9509270606,1454.3586660409485,667.9140305973599,9.211279955468642,0.0,8.0,0.506322673429228,680135.8619166017,0.08321159240991084,28.378271044604656,0.0,0.0,0.0,0.0,30.117821292034066,50.494994678288414,289.0,1.1953329399707002
1750028763,nodeA,normal,1311743.084755819,828780.3789617585,1193.5447954777694,899.1119012870906,9.758596910231068,0.0,7.0,0.49585705222404153,650437.0592822914,0.07069109360210644,28.504919168176578,0.0,0.0,0.0,0.0,29.857400540011103,50.942377546199545,281.0,1.1980113333706868
1750028764,nodeA,normal,1294687.145725962,669010.3591683671,1240.14314773387,664.3454474091375,8.876882054140225,3.0,7.0,0.47357948281579076,613137.2688811534,0.21590216433326034,27.50440131366739,0.0,0.0,0.0,0.0,28.494953309111782,50.76263292029229,284.0,1.1404250534288427
1750028765,nodeA,normal,1379210.2149376578,755415.0127911448,1268.744852078095,828.1493489395011,8.801338089741355,2.0,6.0,0.41885388407106766,577687.55547713,0.45021935155103676,28.532401550348922,0.0,0.0,0.0,1.0,28.801002013197422,51.670395368109034,283.0,1.1351440569194697
1750028766,nodeA,normal,1343876.3445895568,737122.4521794845,1461.2909177425577,805.5484669089726,8.190105148328243,0.0,6.0,0.3837768338036268,515748.60855017183,0.7268732540322358,28.670331992605348,0.0,0.0,0.0,0.0,27.697769794437004,51.45391865283866,278.0,1.0150318103863607
1750028767,nodeA,normal,1380011.2789319027,825828.6316889148,1495.4113177909055,792.46779897933,8.596968466857039,1.0,6.0,0.42214776090285344,582568.6714217858,0.8991287107839924,28.989090180184377,0.0,0.0,0.0,0.0,28.47388116759771,50.66342071289217,281.0,0.9858367381321207
1750028768,nodeA,normal,1367427.4637531007,617025.3932616183,1484.927910014263,584.7858098657806,8.260972672853253,2.0,6.0,0.44923028422189537,614289.8281946309,1.1862391777429382,25.48610779266659,0.0,0.0,0.0,0.0,29.242440019142283,52.203736171920404,284.0,1.1414968259717873
1750028769,nodeA,normal,1326316.9952192928,584589.3042781991,1422.8414975073672,586.2481217996163,8.168046843716798,2.0,5.0,0.4647387752537401,616390.9359564348,1.150228722881625,27.022717665932248,0.0,0.0,0.0,0.0,32.61438270523512,53.784405359189265,282.0,1.2555337880929047
1750028770,nodeA,normal,1404193.5193875928,626040.3269980329,1334.2002626964477,643.8759419649692,8.389148084704141,4.0,5.0,0.45014543200963963,632091.2984098642,1.0970717633305909,29.282093247129897,0.0,0.0,0.0,0.0,33.5356984950416,52.70714699547813,289.0,1.1889042802357372
1750028771,nodeA,normal,1423754.9150242773,637053.6955310743,1455.360166495711,677.7278616069289,8.085156612741345,8.0,5.0,0.47010207243911,669310.1361982817,0.9654988540675419,27.661742950451295,0.0,0.0,7.0,0.0,34.162270695534346,54.20380094353126,291.0,1.2144394404355325
1750028772,nodeA,normal,1418706.9755697225,798560.906392426,1419.820921559278,788.0404797042316,6.800763979910859,0.0,5.0,0.4543844880961624,644638.4428527032,0.9233674669432645,26.651178947008994,0.0,0.0,0.0,0.0,35.6508209714794,55.367330871600515,285.0,1.3453457068429266
1750028773,nodeA,normal,1397847.3976266428,665000.6515406284,1535.7503525897055,638.380295721395,6.882333672807091,2.0,5.0,0.4527571850147294,632885.4528296039,0.8155504094468556,26.523090182006722,0.0,1.0,0.0,0.0,37.096109012317136,55.66982542922079,283.0,1.41876131047254
1750028774,nodeA,normal,1425906.4830023157,780637.9860400598,1328.7102515228107,731.4440763813219,6.27584897270477,0.0,5.0,0.4603689511132094,656443.0719653014,0.9205495358606182,24.238097768569162,0.0,0.0,0.0,0.0,36.85283968830948,54.27266046626703,278.0,1.349617759099874
1750028775,nodeA,normal,1489257.7379393547,779770.4214290996,1543.561742173213,843.5832998601161,6.6190572585468885,1.0,5.0,0.4301541398155557,640610.3812269635,0.9770819215115224,23.913149653661876,0.0,0.0,0.0,0.0,36.43313820219384,55.250778605225,279.0,1.2773346137411923
1750028776,nodeA,normal,1495426.0642280395,933884.8223329256,1575.2592887374008,963.7407971892499,6.372594903686386,2.0,5.0,0.4169004018611405,623443.7271302934,1.2261896859281836,24.569549183858346,0.0,0.0,0.0,0.0,38.84195448144766,56.26585326728651,278.0,1.2935954418581634
1750028777,nodeA,normal,1521326.8020170506,849097.3865138551,1480.775921100807,938.9921218117187,5.642729021272438,1.0,5.0,0.4497538110023217,684222.5269871431,1.0025063565756718,25.86575933328313,0.0,1.0,0.0,0.0,38.67300205678094,55.48432795004941,276.0,1.3345847193574805
1750028778,nodeA,normal,1541740.041902898,865757.5026596363,1630.3300908550939,848.7860899221671,5.1443824184215385,1.0,5.0,0.45043701693121285,694456.7853581446,0.9597809034274057,24.93617241053842,0.0,0.0,0.0,0.0,40.662451031519744,54.827618957535435,274.0,1.3977804500963438
1750028779,nodeA,normal,1636421.863180216,840872.0680081309,1534.971282950923,837.4199362263653,5.220494174347588,7.0,5.0,0.4750249779437101,777341.2594637871,1.3781972915809857,27.06577293812013,0.0,0.0,7.0,0.0,42.31056327520765,55.466861143443836,273.0,1.4618205754314197
1750028780,nodeA,normal,1566938.9666431434,931321.0585699772,1604.0250887836398,956.3100536009787,5.449768819747625,1.0,5.0,0.4451354847360777,697500.1364685444,1.2593292609251396,27.419464321328334,0.0,0.0,0.0,0.0,41.14145948173183,54.60992443507438,269.0,1.5428090097165135
1750028781,nodeA,normal,1553031.8600961184,753594.0317083256,1488.5862871511338,798.7582328446452,5.26301731435534,2.0,5.0,0.4578948009613542,711125.2144653539,1.1640847292952057,26.46582916311525,0.0,2.0,0.0,0.0,39.697749149069296,53.417446866080155,273.0,1.4691100900831633
1750028782,nodeA,normal,1607150.5380761505,903838.0230875597,1723.8180478654972,951.0672632705136,5.723494932759844,10.0,4.0,0.46875110763499034,753353.5948593662,0.8394624157214498,26.33328734543703,0.0,0.0,7.0,0.0,39.94468887777998,53.64960041383701,269.0,1.4911011361323607
1750028783,nodeA,normal,1552840.942995926,1006704.1251287624,1693.2087741918344,1048.5948631233978,5.907048019062705,1.0,4.0,0.5023941445032023,780138.1971059841,1.0138092124818294,23.008608702230774,0.0,0.0,0.0,0.0,37.324613396892765,51.645115382783956,264.0,1.433184989524783
1750028784,nodeA,normal,1524398.0372482252,815691.5141686469,1471.944557010437,844.7451961562924,6.114127485404974,1.0,5.0,0.5162918440497436,787034.273716696,0.6830104798581755,26.285655901752264,0.0,0.0,0.0,0.0,36.45458005393905,50.50055952949305,270.0,1.3943052801746945
1750028785,nodeA,normal,1502718.8825844054,727279.8898706781,1410.9553550379205,695.7202275300338,7.0364192792720575,2.0,4.0,0.5211523802251566,783145.5224681506,0.4641321473043651,28.61658810934677,0.0,0.0,0.0,0.0,34.280830648308346,49.70735717603678,271.0,1.33003259291293
1750028786,nodeA,normal,1501566.3939183536,822270.4898034581,1627.7256161162823,757.3587433885448,6.977025841896272,0.0,4.0,0.5369214924699945,806223.2692654302,0.2703344909479934,26.40943655528877,0.0,0.0,0.0,0.0,31.938453187448307,48.1465609061015,271.0,1.299933152048135
1750028787,nodeA,normal,1447600.3834750731,662541.4344889646,1397.9118044987774,612.7256321515873,8.381603241342383,2.0,4.0,0.49383938146437883,714882.0779829278,0.3748954788707204,25.103130029727183,0.0,0.0,0.0,0.0,31.281836904935606,49.32734959722313,268.0,1.2692679004978535
1750028788,nodeA,normal,1436894.97652965,689786.1486873357,1539.7431548958698,665.2759246427382,8.378124963377953,1.0,4.0,0.5276835729175893,758225.8751225013,0.5624077808322917,23.77295964388798,0.0,0.0,0.0,0.0,32.85446518963178,48.29361266569468,267.0,1.3036502338148228
1750028789,nodeA,normal,1527729.2243785104,882046.5757131635,1582.4582782233174,912.1038670190351,8.833619375869981,2.0,5.0,0.5287083394444212,807723.1813418758,0.9014834387832232,25.185207131071337,0.0,0.0,0.0,1.0,33.33848948189887,49.72718344566776,268.0,1.2737731687387261
1750028790,nodeA,normal,1526419.855445891,968455.607281951,1396.5576915180618,985.8440443438893,8.293623610081806,4.0,5.0,0.47505786196288813,725137.7529858256,1.2126491753325037,26.679867263690845,0.0,0.0,0.0,0.0,30.390411986734254,48.73882942496157,263.0,1.0418725715538055
1750028791,nodeA,normal,1508299.5599766457,723541.391423342,1504.7376076867968,773.9708211659868,8.128166883929085,1.0,4.0,0.4552777962938132,686695.2998170954,0.7823367022503135,26.4554557538993,0.0,0.0,0.0,0.0,30.60771053013207,49.81359200575098,263.0,1.0422093261497616
1750028792,nodeA,normal,1612596.790903171,934441.3888363003,1655.9684701479996,976.6149576938559,8.992445349376261,2.0,5.0,0.4288812153530877,691612.471557041,1.1596263351647014,26.225620548263734,0.0,0.0,0.0,1.0,33.36381368786341,51.724293805921214,259.0,1.1377802670524637
1750028793,nodeA,normal,1556312.0757274504,743369.4184495738,1544.3773622044534,739.0468625545155,8.105496735008753,0.0,4.0,0.40198739883654194,625617.8430995771,0.9986538661695274,27.29078536570711,0.0,0.0,0.0,0.0,31.664829677797307,51.2675341623489,254.0,1.1050546074751595
1750028794,nodeA,normal,1634433.4040379676,792328.2524103477,1716.0172195590478,747.654803113933,8.40844744312003,7.0,5.0,0.3724288526731091,608710.1574364644,1.0753847880136727,29.060855922934408,0.0,0.0,7.0,0.0,32.11148081095446,50.329729778321905,253.0,1.175415934713314
1750028795,nodeA,normal,1720168.2483904085,986621.1808513885,1702.6983006394203,1027.98750691517,7.937097059534315,4.0,5.0,0.3293994701256517,566622.509546771,1.3201402008379977,29.71033479281825,0.0,0.0,0.0,1.0,31.491054497145793,50.33654152601872,254.0,1.174229854895764
1750028796,nodeA,normal,1689361.0064504487,954322.8404379047,1562.7949859729317,925.9783981969473,8.287379258466984,0.0,5.0,0.30919554232702545,522342.892575576,1.8469974479127098,29.43409065282716,0.0,0.0,0.0,0.0,32.39417021699199,50.80192138912519,256.0,1.1196858582754363
1750028797,nodeA,normal,1682676.7415475969,773926.9410060921,1551.9533395705575,763.5146415737513,7.831641583484751,2.0,5.0,0.33781827527626856,568438.9546771006,2.0663717711595595,31.03214030905113,0.0,0.0,0.0,0.0,31.8680134196232,49.75318782600439,252.0,1.0635137911651176
1750028798,nodeA,normal,1674941.3790967243,883529.6234784987,1743.1736545825322,859.9490625955311,9.137348008295321,0.0,5.0,0.37525231441166895,628525.6290099184,1.9982495280921624,31.214247954877816,0.0,0.0,0.0,0.0,30.36669896800385,50.634679512114275,245.0,0.9984135507085315
1750028799,nodeA,normal,1627173.3428747687,902699.0410720971,1503.3934301333468,954.3175017199425,9.89898574519087,1.0,5.0,0.32450010015277253,528017.9127287841,2.0856522200315073,30.887458430199842,0.0,0.0,0.0,0.0,29.36878347940619,49.2643483001581,244.0,0.948633558213085
1750028800,nodeA,portscan,1607200.5006646896,845908.6493381186,3146.728730187328,1851.9413659524123,9.315368408744304,3.4833333333333334,5.916666666666667,0.2835473158323827,455717.3879679343,1.9366428368096213,28.87866342454659,0.0,0.0,3.3333333333333335,0.0,30.537280203099268,51.657580714416476,247.0,1.0138399555874762
1750028801,nodeA,portscan,1650605.4265304187,734119.6984277079,5018.935754869888,2219.4117437615187,10.17358735698769,17.9,6.833333333333334,0.2900091252675258,478690.63590991806,1.8314510957601124,29.369048398976012,0.0,0.0,6.666666666666667,0.0,30.070802187104825,51.62269661930689,250.0,1.021512838196148
1750028802,nodeA,portscan,1649537.6779098026,824356.0663547841,7724.258243094444,3285.975768591424,10.786947524665791,76.05,6.2,0.23108309055319184,381180.26459533273,1.9553829902129642,28.139758571648382,0.0,0.0,23.650000000000002,0.0,30.838403894359423,51.703364921181645,251.0,1.037855848228934
1750028803,nodeA,portscan,1583633.5323945393,925342.7603335902,8449.305056693405,4507.596528945803,11.018430831978263,10.933333333333334,6.933333333333334,0.2861147869444876,453100.97071920993,1.6481941762837782,28.071130072389302,0.0,0.0,13.333333333333334,0.0,29.503673853445616,53.16696316937982,256.0,1.0352453432546378
1750028804,nodeA,portscan,1585659.804395427,764260.5933342462,9828.59080040222,4408.214552839554,9.803241336558072,13.416666666666666,9.583333333333332,0.3006482192561201,476725.7965374929,1.927449481979859,28.550408053163682,0.0,0.0,16.666666666666664,0.0,29.763827435956944,53.44660681719583,257.0,1.037766069319262
1750028805,nodeA,portscan,1724699.9486063744,919655.0653906004,13818.934369844648,6619.373388374718,9.41695824094876,111.3,10.5,0.35795616820681275,617366.9849096247,1.981388304679333,27.103272322436357,0.0,0.0,40.300000000000004,0.0,30.81890266737625,52.562982305329484,261.0,1.0345653267054025
1750028806,nodeA,portscan,1706601.652445017,976101.2565186066,15497.018603094157,7308.353538129526,9.536650899213857,36.766666666666666,11.416666666666666,0.32831172892554966,560297.3391014235,1.5251539112654133,27.067672300125523,0.0,0.0,23.333333333333332,0.0,31.48619839110428,51.262487381190084,258.0,1.1254439811154298
1750028807,nodeA,portscan,1702310.6901408914,1007453.4209022272,17719.443047995093,9742.808031146571,10.154505886310202,20.866666666666667,12.333333333333334,0.31552935913532226,537129.0011093636,1.406502821859652,22.985639031748413,0.0,1.0,26.666666666666668,0.0,33.174377153719696,51.21533715577945,254.0,1.2552624706064597
1750028808,nodeA,portscan,1666336.6224976417,911133.2879447802,20521.942648814536,8228.91575784229,10.911888778365926,23.349999999999998,13.25,0.2902392899130997,483636.35806990846,1.0104008519189744,22.90554534188932,0.0,1.0,30.0,0.0,33.6031995867143,51.11730166682531,247.0,1.297859937427334
1750028809,nodeA,portscan,1600232.4865367042,793436.4927311828,20738.440046558604,8297.775866252035,11.466604722165957,25.833333333333332,14.166666666666664,0.30331807601010646,485379.43898518174,0.9517869772869973,23.834719882866523,0.0,1.0,33.33333333333333,0.0,32.962403509618156,51.80567239009861,250.0,1.312777242498739
1750028810,nodeA,portscan,1580585.526527461,682496.2001851586,19829.680987865395,8835.564776445877,11.858597211614024,84.95,15.083333333333332,0.26187149700048473,413910.2979690456,1.2785786224202644,24.99832798393663,0.0,0.0,36.666666666666664,0.0,33.265515069441875,52.24213945271041,240.0,1.2670021674167626
1750028811,nodeA,portscan,1587828.7734771748,812082.9848332058,25221.296233334444,9703.53552242991,12.671954066665803,30.8,16.0,0.2727954829291658,433152.51706953085,0.8739073172675028,24.292985185231068,0.0,0.0,40.0,1.0,34.5332410955147,54.32961552904129,234.0,1.2933518312372965
1750028812,nodeA,portscan,1530950.2130941767,688627.7278241355,24363.903144082153,9823.466777980217,12.356296608038255,0.0,16.916666666666668,0.29753099422487145,455505.1390106892,1.0938710998619108,24.71894287496445,0.0,1.0,43.333333333333336,0.0,34.277090756049475,52.56270126388702,234.0,1.2890684113432438
1750028813,nodeA,portscan,1591827.6710414737,945680.2521636703,28164.927337406043,14136.487970218963,12.265344984319238,71.53333333333333,17.833333333333336,0.3153776615117756,502026.888422796,1.0088634040312345,22.927849896633674,0.0,0.0,46.666666666666664,0.0,34.63385811025043,52.35575312531679,234.0,1.2945078087297437
1750028814,nodeA,portscan,1604648.6835083568,853867.3935193863,31024.813755399056,12368.305294406062,12.658492798198912,267.75,18.75,0.3111052771272386,499214.673374726,1.290547912343088,25.509894378804866,0.0,0.0,90.25,0.0,35.25054789821899,52.42584805286826,235.0,1.3837110386561822
1750028815,nodeA,portscan,1587530.919409159,687611.0439510008,33749.989392885036,12508.541290642968,12.011589888960396,0.0,15.733333333333333,0.33529939142897625,532298.1511525742,1.159568459015298,26.72995734556966,0.0,0.0,53.333333333333336,0.0,35.42044454088411,52.14469347141042,229.0,1.374196332311531
1750028816,nodeA,portscan,1537916.934990966,604562.2906607994,33942.800927890996,9805.079351432514,12.971874789984957,43.21666666666667,20.583333333333336,0.29867737248692705,459340.9892462499,1.220714060805381,25.55667103368554,0.0,0.0,56.666666666666664,0.0,35.13991724329775,51.07691029219687,231.0,1.4222688508469719
1750028817,nodeA,portscan,1610101.2004671043,897965.9411442955,36996.60294699689,16438.640387733278,12.99417808794811,365.59999999999997,21.5,0.27787546267300595,447407.61603015894,1.0550280983656404,25.509880819217248,0.0,1.0,106.9,0.0,34.058627974719194,51.71607933627141,240.0,1.407969367089173
1750028818,nodeA,portscan,1585889.0658872593,617786.1171752266,33604.38454341005,11263.98380934627,13.455094432963095,48.18333333333333,17.933333333333334,0.23576218815830352,373892.67634990823,1.4476725419294634,24.892877773282393,0.0,1.0,63.33333333333333,0.0,33.79026241270996,50.89114101581538,240.0,1.2743805840378646
1750028819,nodeA,portscan,1589023.8444471676,604009.9313251319,39281.16435301362,12064.339914441176,13.300630409342892,152.0,23.33333333333333,0.23489208082437027,373249.1173017357,1.4426006472077417,25.920833415829392,0.0,0.0,66.66666666666666,0.0,32.08260747081161,50.2274851575418,244.0,1.2826483083251212
1750028820,nodeA,portscan,1563820.4136754386,716573.947615398,36801.665794650355,14745.363132644861,12.587969075223777,106.3,24.25,0.2322789194953272,363242.5159732665,1.767983519070239,25.831527097936203,0.0,1.0,70.0,0.0,33.78988794955072,51.22353871213508,242.0,1.3708508287613428
1750028821,nodeA,portscan,1506760.45847639,788172.6917929851,38782.82082095792,18542.6536677599,12.194116966067885,55.63333333333333,25.166666666666664,0.2814865640623613,424132.8243215472,1.8277523901481714,26.71879244276234,0.0,1.0,73.33333333333333,0.0,33.51928276530331,51.56784548399462,243.0,1.2693843854972562
1750028822,nodeA,portscan,1461337.5156310513,679681.1590527472,36724.42347144463,14750.658316067469,11.408029294427266,58.11666666666667,26.083333333333336,0.2974137407528997,434621.85702638,1.81516607935098,28.402232727717525,0.0,0.0,76.66666666666667,0.0,32.74205645184415,50.55982950970158,243.0,1.276313600674664
1750028823,nodeA,portscan,1466343.3001865991,621606.3472712409,46376.56378088412,14557.195753491624,11.469439346492464,60.6,32.400000000000006,0.3432122878063535,503267.03876656125,1.6551565508923007,30.456408975598638,0.0,0.0,80.0,0.0,31.967389162627708,52.204722917243764,251.0,1.1842760250508133
1750028824,nodeA,portscan,1454701.8506544882,678913.6019476672,45097.47067267136,18879.867550762527,11.13909693048408,63.083333333333336,27.91666666666667,0.3586063794507661,521665.36384353513,1.8944904470790032,32.85612466198944,0.0,0.0,83.33333333333334,0.0,29.543949672535785,50.15408661599497,256.0,1.0604058675256935
1750028825,nodeA,portscan,1462410.8660360656,880915.6811583684,44230.77367852211,23234.32487833225,12.000866720268167,458.96666666666664,28.833333333333332,0.34566741290407293,505507.7806654916,2.1764090412859405,33.11615223826132,0.0,0.0,151.3,0.0,30.390135892317204,49.789751788446054,258.0,1.0715125673707038
1750028826,nodeA,portscan,1412768.2956987661,736913.4478401191,43652.50341648773,21687.745813954265,11.549904415200837,0.0,29.75,0.3383212931133569,477969.59667035996,2.378942425097816,29.951897001277985,0.0,0.0,90.0,0.0,32.68283100839165,50.244019728318136,258.0,1.1862744359809334
1750028827,nodeA,portscan,1378242.741944165,667207.2967342598,47784.42043550748,17918.596290866033,11.728433238509417,70.53333333333333,24.533333333333335,0.395386338107803,544938.3507609611,2.32691492444207,29.97727918311392,0.0,0.0,93.33333333333333,0.0,30.198224635866943,48.68098307318104,255.0,1.1779450586367946
1750028828,nodeA,portscan,1373655.070208453,715158.1421979215,52112.52713292167,22415.969637178256,11.719934146709322,0.0,31.583333333333332,0.36780888187553973,505242.53545603715,2.5425857154799076,28.05844199077281,0.0,0.0,96.66666666666667,0.0,30.470052640582143,47.86321531224595,253.0,1.1362285115197446
1750028829,nodeA,portscan,1415166.4995793574,750381.5938618599,52235.590389772515,23913.153989291637,11.803801114243674,679.5,32.5,0.43503359406334563,615644.968510052,2.2235934625647027,29.969619228018473,0.0,0.0,173.5,0.0,30.53919444635237,48.761216920453975,257.0,1.0699887146549747
1750028830,nodeA,portscan,1364066.4067185568,704816.0759181372,52434.83839562727,24539.02018372022,11.14224609345506,0.0,33.41666666666667,0.42750511132715213,583145.361061845,2.2213315206298985,30.914437554525175,0.0,0.0,103.33333333333334,0.0,29.955733388473377,47.705308949205936,251.0,0.98018747090377
1750028831,nodeA,portscan,1388904.892998508,621415.9808860418,47760.78184320303,18750.337892986474,11.296144740981006,0.0,34.33333333333333,0.4106429182263357,570343.9583997438,2.2109463902076523,32.238131071061765,0.0,0.0,106.66666666666667,0.0,31.21486764915928,48.62452838485403,249.0,1.0906869063948055
1750028832,nodeA,portscan,1416361.4526530274,777517.6856185975,56069.803216023036,26352.048045309726,11.46308270666212,165.9,42.300000000000004,0.3826937477435795,542032.6724753275,2.201658701712851,30.815512448897856,0.0,0.0,110.00000000000001,0.0,31.633675017860543,49.46074734225893,258.0,1.1592890629778567
1750028833,nodeA,portscan,1391441.5655237038,607382.438763165,53462.571908003774,19399.49634231893,11.17555138972279,170.86666666666667,43.4,0.38019705069974963,529021.9794331546,2.138937448660145,31.19581166727815,0.0,0.0,113.33333333333333,0.0,31.98540984678536,49.11815619700622,259.0,1.2113192425680535
1750028834,nodeA,portscan,1364858.5079839837,593136.601464695,54459.23769844096,22809.016553233596,10.098111367842916,0.0,37.083333333333336,0.3587236147873857,489606.97765733255,2.2376577857118605,33.24527398595602,0.0,0.0,116.66666666666667,0.0,34.32663715274519,50.158551962227115,258.0,1.2317267102877973
1750028835,nodeA,portscan,1388316.5850128708,633303.4213378635,61982.36557713721,21459.098518676565,9.706154638953015,0.0,45.599999999999994,0.3603017299686507,500212.86732430663,2.2120434603189465,33.58778150589691,0.0,0.0,120.0,0.0,36.78251161686176,48.54444439736182,254.0,1.310399493768951
1750028836,nodeA,portscan,1376541.1738458741,587410.1713452257,65971.79165846278,20480.473234387482,10.146303980855983,92.88333333333334,46.7,0.3329538722422284,458324.7141328463,2.4187639344592866,33.73260046228872,0.0,0.0,123.33333333333334,0.0,37.19978666211085,47.55027982820068,258.0,1.3612644584213034
1750028837,nodeA,portscan,1415785.4995766217,700394.4889181986,59622.738737194944,25790.86684870376,10.671917344011266,858.3,47.8,0.33189542420956125,469892.7289717285,2.40249512302832,31.46779294700538,0.0,1.0,217.89999999999998,0.0,36.293879504395605,48.139210752540734,258.0,1.2955421114042196
1750028838,nodeA,portscan,1375715.9386508116,704438.5424328053,64634.226901093265,26778.993014420375,10.928417809722738,97.85000000000001,48.900000000000006,0.2487899585211715,342264.31131384993,2.471644738705152,31.008773277325023,0.0,0.0,130.0,0.0,37.07367606322414,49.537154893123585,251.0,1.3328369906323214
1750028839,nodeA,portscan,1381112.5292591997,648030.5034009473,68131.0172571997,26949.398574201554,10.11637784312388,301.0,41.66666666666666,0.2713821823309953,374809.33223504224,2.769862672616065,34.24797358023188,0.0,0.0,133.33333333333331,0.0,37.58493525293484,50.894993783759986,249.0,1.3357460527285674
1750028840,nodeA,portscan,1395300.9685954219,764136.4602747172,67205.06359800899,30902.483300581847,10.062163866337983,822.5333333333333,42.58333333333333,0.2876324498165078,401333.8358284474,2.868430091701134,34.8439469508251,0.0,0.0,234.55,0.0,36.18036939124857,50.98513694299837,254.0,1.3331878980178282
1750028841,nodeA,portscan,1408571.7382552526,751606.2247072824,75740.71247557389,31065.082453893276,10.374730978479437,526.5,43.5,0.27181217857607004,382866.95285584213,3.0202358316815188,33.95676817865646,0.0,0.0,140.0,0.0,33.76344457943345,51.14299972453643,258.0,1.2827832825503864
1750028842,nodeA,portscan,1436509.5345018406,565460.3684654934,67140.66958995035,23169.417253294334,10.279534104870297,323.35,35.53333333333333,0.2541108327518701,365032.6340682639,3.1338878697244383,33.87938566244289,0.0,0.0,143.33333333333334,0.0,32.85865860631833,50.835734470661095,258.0,1.3446352012350737
1750028843,nodeA,portscan,1351325.082505779,589722.2447045792,71054.96654701712,24663.674579447288,9.89199041688605,330.8,45.33333333333333,0.2408187993725373,325424.48393103667,2.8287642323504407,34.87585172056768,0.0,0.0,146.66666666666666,0.0,36.15402895216548,53.01865831850516,262.0,1.4625484169846696
1750028844,nodeA,portscan,1339317.6032087877,555964.4551461667,67999.07156842724,24059.30432035261,9.222250633773768,112.75,37.0,0.27958902264522195,374458.49969268613,3.1324389625753537,36.457198903642855,0.0,1.0,150.0,0.0,34.59579490119186,52.058568347948906,259.0,1.3544559602125759
1750028845,nodeA,portscan,1298099.3074423305,514324.4826582633,77402.19859094848,25600.80231520915,8.97203290237234,230.46666666666667,37.733333333333334,0.277188831912839,359818.63073680486,3.001783736132514,35.55950598354234,0.0,0.0,153.33333333333334,0.0,36.85189307194135,54.90182761750382,263.0,1.4282197124588174
1750028846,nodeA,portscan,1280577.0968192338,687956.1390812903,68847.71620157803,34421.250877065795,9.746382899796277,0.0,38.46666666666667,0.2689098643052196,344359.8133380323,3.0000645988019237,34.307274465998425,0.0,0.0,156.66666666666666,0.0,38.50258939981916,54.75181720944971,252.0,1.4683934829492715
1750028847,nodeA,portscan,1290872.83056469,650271.0275153177,67232.52626321929,32513.984377502104,9.57042487539168,240.4,39.2,0.32153947824053236,415066.57641464955,2.7496238795973857,34.13110043831352,0.0,0.0,160.0,0.0,38.4553296521943,56.377450481082505,251.0,1.5383960456997812
1750028848,nodeA,portscan,1322549.7883547833,667619.2404520203,70177.43408970708,30880.13223524575,8.70031973047234,613.4166666666667,39.93333333333333,0.32886354732560663,434938.4149130843,2.8436113705603403,36.14549323326479,0.0,2.0,163.33333333333334,0.0,35.692169093979906,54.6357681636849,260.0,1.3641993343124672
1750028849,nodeA,portscan,1323754.8830047247,786454.0074949785,71061.51316441948,39196.98795410223,9.25457199409318,0.0,40.66666666666667,0.3448860782725679,456544.63019366143,2.8147813069094743,37.045112088897085,0.0,1.0,166.66666666666669,0.0,39.013542370047794,56.02602600725649,256.0,1.4682054741654722
1750028850,nodeA,portscan,1344053.4339835083,613146.5223974225,78723.82084855225,33140.840921898445,9.300837748696956,127.64999999999999,41.4,0.3653555744383038,491057.4144488195,2.883912003489932,35.741247366046,0.0,0.0,170.0,0.0,39.8193049619638,57.34334166898009,255.0,1.6220008892089224
1750028851,nodeA,portscan,1405902.3914105152,816310.9202268356,78204.7532862108,42860.0278285926,9.692518220107397,130.13333333333333,52.666666666666664,0.33256106203956876,467548.3924114504,2.811614551096212,34.62197928645982,0.0,0.0,173.33333333333334,0.0,39.46321104784909,56.8891625295552,265.0,1.6762053675199111
1750028852,nodeA,portscan,1466482.4039760553,782323.6934075415,85059.13396693546,41179.72770192006,9.392744012734807,1060.9333333333334,53.583333333333336,0.26872556241575196,394081.3087812694,2.527312178562682,34.229772868813185,0.0,0.0,301.15,0.0,41.009920220570145,58.881626585016456,269.0,1.7616370262943857
1750028853,nodeA,portscan,1437564.013873824,793192.3614432927,93392.33259628619,44215.48402560119,9.303826243000142,0.0,54.5,0.2715560235053604,390379.1671419804,2.0047131271802217,33.24754553946771,0.0,1.0,180.0,0.0,40.09717910623855,58.92194806004988,265.0,1.8038562795658375
1750028854,nodeA,portscan,1480907.8877837586,706894.9310944288,99601.30700640871,39381.94550217304,9.931361134756285,412.74999999999994,44.33333333333333,0.24797864064365666,367233.5249310853,2.0326203885188807,32.07695749136175,0.0,0.0,183.33333333333331,0.0,39.97467151970612,59.56659071774225,275.0,1.7522444800652197
1750028855,nodeA,portscan,1422653.5665401672,567202.9995684205,103151.43790831712,33521.28821711052,10.330492785597107,0.0,56.333333333333336,0.20242048014255232,287974.21801557514,2.3046399068522385,32.59370673057104,0.0,1.0,186.66666666666666,0.0,38.45921278635946,57.47390546176637,278.0,1.606525545702622
1750028856,nodeA,portscan,1436211.4907020975,778066.1850165214,95837.58209321227,47036.601681273445,9.766380200261283,0.0,57.25,0.23808485906841947,341940.21035625355,2.467967934286208,32.711587387572244,0.0,0.0,190.0,0.0,38.991025306945836,58.222551262230475,282.0,1.6070570373343895
1750028857,nodeA,portscan,1419927.7045240444,780464.7323327757,91992.70178865643,45726.96833626947,9.329670402054276,725.1666666666666,46.53333333333333,0.23514933258193937,333895.0520334343,2.774842390941023,32.031428102902545,0.0,0.0,193.33333333333334,0.0,38.789947458239986,59.62339836605675,284.0,1.5597122100776648
1750028858,nodeA,portscan,1446835.402448898,740025.7273992825,94742.98582539636,46090.786802079936,9.975420633565017,442.54999999999995,47.266666666666666,0.263146822569011,380730.13893478375,2.5084436703095734,30.43294771900738,0.0,0.0,196.66666666666666,0.0,40.70090735291109,61.352169073033124,288.0,1.6332231974191789
1750028859,nodeA,portscan,1451111.9632639645,733707.6141354224,111451.4624158818,43550.36171666957,9.474686364479306,0.0,60.0,0.24640691290108735,357564.01914170955,2.278997214274238,28.136175334814972,0.0,0.0,200.0,0.0,41.75490671239965,59.65628256570732,290.0,1.700558476783096
1750029100,nodeA,normal,1635495.1914017473,602376.6685829316,1520.559321960597,616.7254870959969,9.005533150739621,1.0,3.0,0.19081701229738543,312080.30605002196,0.8979462947029772,11.625655364028015,0.0,0.0,0.0,0.0,36.67060358631863,50.785028978172676,252.0,1.7813233219199127
1750029101,nodeA,normal,1687537.646193524,897081.8169786813,1605.344673173922,886.1633143307647,9.074862396091115,1.0,3.0,0.19517922916051442,329372.2969634009,0.8870558651540665,10.559020084080448,0.0,1.0,0.0,1.0,34.98185447634817,50.37661610589441,252.0,1.7032490070056885
1750029102,nodeA,normal,1640686.7147495954,900978.9495265975,1753.7838255159816,845.8939693345422,8.5227293798436,0.0,3.0,0.20642877715193472,338684.9522151841,0.7221116741076304,8.651545198844966,0.0,0.0,0.0,0.0,34.04998282669733,50.02234561902418,252.0,1.7020467682325204
1750029103,nodeA,normal,1658681.763343732,654381.0254993795,1763.629128282034,702.5230189042433,8.146021196363911,0.0,3.0,0.21044126404155372,349055.08692072827,0.8141116168626832,11.445235518061995,0.0,0.0,0.0,0.0,35.51891467635313,49.43984241535927,242.0,1.7069632978601574
1750029104,nodeA,normal,1684603.6045169453,663567.9178611404,1855.0020093426754,671.265891845004,7.67888989303304,7.0,3.0,0.24615875661836578,414679.9286827085,0.5911641041852388,10.311529649903514,0.0,0.0,7.0,0.0,37.28465090139117,49.12968779718955,251.0,1.8001491323195833
1750029105,nodeA,normal,1548668.8119322204,841723.6663827011,1618.7015687003181,793.2477655136354,8.388971579566576,0.0,3.0,0.2595207754888106,401911.7310479848,0.754401034684819,9.291410977053534,0.0,1.0,0.0,0.0,35.85303917086613,47.84024510548391,242.0,1.735877757535147
1750029106,nodeA,normal,1525890.797288492,813655.4332381636,1418.9429227233443,858.8769659817535,7.78058307220349,2.0,3.0,0.28742902475472376,438585.30374683917,0.9158718015283785,11.287893624732195,0.0,0.0,0.0,0.0,35.596987663436344,46.85470453109346,234.0,1.7838343769162064
1750029107,nodeA,normal,1524208.5447414669,711971.8035538057,1442.0186861153618,712.81324375262,8.457858425526885,8.0,3.0,0.31272756058832385,476662.02002487803,1.185484250521372,10.741339667817343,0.0,0.0,7.0,0.0,37.19759465758554,46.31357403933405,231.0,1.8509415182799018
1750029108,nodeA,normal,1505557.0514560472,784451.021228818,1425.0694715308323,820.6656300571908,8.539510729953868,2.0,2.0,0.32610982026412055,490976.9394477109,1.2137407844979307,10.98529211110471,0.0,0.0,0.0,0.0,38.51979345318097,46.97553479858977,225.0,1.853324292117975
1750029109,nodeA,normal,1472299.1456425572,785641.23468817,1479.0368986472768,751.3759449583389,8.72331693676054,2.0,2.0,0.264919513051775,390040.77273017063,1.121181560435589,9.058042138356338,0.0,0.0,0.0,0.0,35.85920686377967,47.17367675912561,227.0,1.7319779409496756
1750029110,nodeA,normal,1497734.487416225,796739.2101875407,1372.2205483111861,805.2485137930198,8.889221801047851,1.0,2.0,0.22137245816797502,331557.1651622818,0.9891957493085105,8.489078777908919,0.0,0.0,0.0,0.0,35.922688539605865,47.26675681243826,229.0,1.6463931319315421
1750029111,nodeA,normal,1461889.8436112616,818260.4139605622,1500.399289519577,787.1780696272338,8.871025890778508,2.0,2.0,0.2666785396075815,389854.64856140694,0.7314818570905441,9.58112304639782,0.0,0.0,0.0,0.0,36.3454679957751,48.66935761150272,237.0,1.694518256948955
1750029112,nodeA,normal,1457975.7607636203,626031.1003459387,1328.0421426593448,610.532826615449,8.333213121562288,2.0,2.0,0.27818383051413675,405585.2819259865,0.672606972237551,8.585460167260184,0.0,0.0,0.0,0.0,36.270282773023766,49.18372316365099,243.0,1.682634939966308
1750029113,nodeA,normal,1425762.4431305828,747701.2241849554,1310.544336758435,690.029962540949,8.688932876105627,1.0,3.0,0.30453259785043085,434191.1407241336,0.883430823202237,11.075173537071002,0.0,0.0,0.0,0.0,37.38196969980577,48.697815343830605,252.0,1.855036286314443
1750029114,nodeA,normal,1473683.2294497166,719662.4387280721,1486.937527677975,709.5555107279179,8.785929122758608,2.0,3.0,0.3331526406793142,490961.45941599284,0.8116176223038796,11.407805329814938,0.0,1.0,0.0,1.0,36.98754517337305,48.65723764300765,255.0,1.790670588296818
1750029115,nodeA,normal,1512875.0940295148,708678.5517945535,1530.9570205995578,734.9019642644554,8.69198347251989,14.0,2.0,0.2977274772851868,450424.4851929972,1.3714500852370484,10.692429904909494,0.0,0.0,7.0,0.0,36.318687744589276,47.836665075723985,252.0,1.70829047915619
1750029116,nodeA,normal,1414316.935732782,669458.6110607947,1295.4525377599446,634.5806859744665,8.28630596780367,1.0,2.0,0.28745883258592114,406557.89525224274,1.4889472709040243,10.13649757728608,0.0,0.0,0.0,0.0,36.548954147660666,48.34109559135349,257.0,1.816404707945297
1750029117,nodeA,normal,1415487.219428869,642597.1118151239,1546.7285415132012,592.4189834110506,7.497435088197132,1.0,2.0,0.27477268511229563,388937.2240246075,1.5078105616602366,11.047419651981825,0.0,0.0,0.0,0.0,37.698084620325716,49.142706772835865,256.0,1.8196209870317375
1750029118,nodeA,normal,1425757.0104586326,555817.6784239904,1465.8956946858111,595.0447066825835,8.239842700972417,3.0,2.0,0.2716298052184442,387278.0990397097,1.8596439346440572,10.453204545763988,0.0,0.0,0.0,0.0,38.410471621312894,49.612336027505386,257.0,1.880388166658855
1750029119,nodeA,normal,1415040.426145333,784573.5618074144,1304.8647283801931,737.3106836879379,7.958667206680559,8.0,2.0,0.23981908000684754,339353.6931706713,1.3899915764546844,9.717403622743547,0.0,0.0,7.0,0.0,36.681820736022395,49.590816265195166,250.0,1.7389027061259545
1750029120,nodeA,normal,1384520.0043833004,775324.051949694,1311.6508681917055,760.0171141818023,7.116376021863614,2.0,2.0,0.2534418539623621,350895.3167588813,1.4166454465027702,11.086625880874047,0.0,0.0,0.0,0.0,35.359375039306826,47.62699319749628,248.0,1.6046407726662244
1750029121,nodeA,normal,1357480.8322679736,676868.3218332503,1399.2236605040193,639.0096831358328,7.0812721978623365,2.0,3.0,0.2263923404763935,307323.2627689891,1.4372482001036846,10.943208690657645,0.0,1.0,0.0,0.0,35.78659841980101,47.205067459953504,248.0,1.6064636142838415
1750029122,nodeA,normal,1395080.0654880253,742618.7027974922,1312.504135661381,697.6667207929053,7.040446451174609,2.0,3.0,0.2163215312676137,301785.8560072924,1.3569920959670256,12.04952678211733,0.0,0.0,0.0,0.0,36.241871506983486,46.73006433116804,248.0,1.5026566304237825
1750029123,nodeA,normal,1446845.8542633525,774786.1699980248,1371.3276866619005,755.2192961046749,7.683101362719543,1.0,3.0,0.17386014717069287,251548.8331555333,1.2453790548652968,13.420437787376354,0.0,0.0,0.0,1.0,35.5812962791856,46.57086214358657,257.0,1.4688707045477325
1750029124,nodeA,normal,1425737.2690697445,767532.7212133356,1330.6437372431399,839.1139775600421,7.193573070377794,2.0,3.0,0.15621178235491345,222716.95997121162,1.0459971312415888,12.561201844867643,0.0,0.0,0.0,0.0,36.176565156614586,45.547713182518905,251.0,1.5385481658496671
1750029125,nodeA,normal,1399853.570518732,638865.2986906233,1316.0457478771646,619.2131478848704,7.37705738097813,1.0,3.0,0.16021616183571913,224279.16620053843,1.1764608775590142,14.879689514166378,0.0,0.0,0.0,0.0,39.259168355582865,45.42652213849726,258.0,1.6233770230917999
1750029126,nodeA,normal,1408248.2373198685,580970.3635161008,1397.7824472459495,569.3927973277594,7.363639152326121,1.0,3.0,0.11930359324358387,168009.07489120358,1.2782592387948757,17.624773889255284,0.0,0.0,0.0,0.0,38.07691976247744,45.19189881115247,260.0,1.6474622820119824
1750029127,nodeA,normal,1422757.0866703435,609793.8864839728,1298.9303982406739,656.7725634604509,7.032493647666437,0.0,3.0,0.09049156477059331,128747.51506125003,1.316137004035008,15.460174066013918,0.0,0.0,0.0,0.0,37.90614627378036,46.117938659429655,261.0,1.6109874301524854
1750029128,nodeA,normal,1464869.0177782977,562773.516577646,1336.3025637256592,597.7768858153236,6.80964437090644,0.0,2.0,0.06860857751189897,100502.57955102164,1.435610478739217,15.0459059040032,0.0,0.0,0.0,0.0,39.53335434923502,47.1514276946632,260.0,1.7079006329932682
1750029129,nodeA,normal,1489341.3087563312,656616.6301920029,1629.7095237190938,660.7535797016934,7.044744118376779,0.0,2.0,0.08750148428441586,130319.57512227345,1.3956173364888014,16.883074943344326,0.0,0.0,0.0,0.0,38.706860523745576,46.56752994274717,253.0,1.676655005108298
1750029130,nodeA,normal,1459120.3027482114,570613.5248072078,1419.7604450897622,624.9851228879942,6.829403877406682,0.0,3.0,0.07052210470601095,102900.23476907576,1.571321308461053,19.78172732206683,0.0,0.0,0.0,0.0,38.51427850353101,45.942239409080486,260.0,1.675517942914292
1750029131,nodeA,normal,1570536.0290060423,567827.3407901406,1530.3233952792652,518.072848487913,8.065553664303902,8.0,3.0,0.08714670349385066,136867.0376461992,1.5730687420584446,23.34652599492294,0.0,0.0,7.0,1.0,38.60688185856502,46.67253191051286,268.0,1.624400609380089
1750029132,nodeA,normal,1491270.402393407,777334.522742523,1514.551962158243,852.0336169923918,6.753320071534257,4.0,3.0,0.10245854116421294,152793.38991059727,1.4643496150461186,21.224474376448732,0.0,0.0,0.0,0.0,37.78432515875603,46.082197914603654,258.0,1.5878345307786725
1750029133,nodeA,normal,1454487.6746206773,776953.2703825445,1373.9758694276377,747.7200249235957,6.90100520740316,1.0,3.0,0.1304535510605218,189743.08212802815,1.2426352927187347,20.60721185095306,0.0,1.0,0.0,0.0,37.273644616185685,46.44826009423045,260.0,1.6400324399156274
1750029134,nodeA,normal,1464142.1262128742,584326.6467958401,1407.4709340382508,542.9495007674569,6.883594627497838,1.0,3.0,0.14000842053727267,204992.22653314864,1.100370123123822,19.8331343930569,0.0,0.0,0.0,0.0,36.80576422340805,45.74657520400102,255.0,1.5867928070788841
1750029135,nodeA,normal,1476923.2816810021,578928.3811913633,1598.4147013042577,590.8095532553583,6.9140860149809455,1.0,3.0,0.11976338728203295,176881.3349698129,0.9166401113406416,20.359011190557112,0.0,0.0,0.0,0.0,36.13173438081096,44.44702760247057,258.0,1.4700806290709085
1750029136,nodeA,normal,1486540.6930264125,607403.870548861,1480.188489515485,563.404757205019,7.0385922361875695,1.0,2.0,0.10073327538564386,149744.1130025955,1.0236242715639872,18.108941428690365,0.0,0.0,0.0,0.0,35.412067981226365,44.1721279081249,256.0,1.4326033740674544
1750029137,nodeA,normal,1479327.5812944667,680825.7248208899,1394.13613441994,627.7370454591113,8.00636284475976,4.0,2.0,0.1036735671564575,153367.16734573172,1.2236903765729015,17.429449940708082,0.0,0.0,0.0,0.0,35.19782055892728,44.525020230667,263.0,1.441761894662871
1750029138,nodeA,normal,1488460.4131402317,561951.0390659926,1567.0175065091862,603.5322492374468,8.740114841439516,1.0,2.0,0.06228039016827485,92701.89528040521,1.3551650916981102,15.757673393743687,0.0,0.0,0.0,0.0,30.909007211100718,43.58112637638818,253.0,1.2765253625472568
1750029139,nodeA,normal,1511527.4716796177,673141.5959771569,1490.0819750734486,640.303183857161,7.8038255886469,9.0,2.0,0.07765768964633916,117381.73128761146,1.3562646597949035,16.951546357218312,0.0,0.0,7.0,0.0,27.052954364772447,41.801084273380994,258.0,1.0820988875310789
1750029140,nodeA,normal,1491838.7786815076,775376.9398007836,1391.556710328223,760.1321453412595,7.294825016017655,1.0,2.0,0.07399798378373378,110393.0617528194,1.5053604551633357,17.79476279236554,0.0,1.0,0.0,0.0,26.492755076869354,41.57514622944557,256.0,1.0384929753471523
1750029141,nodeA,normal,1448747.8119368071,741933.9460749833,1489.9772198362955,705.084800402294,7.403944893748641,0.0,2.0,0.042624438302882144,61752.06172633594,1.5706758948241561,16.36687602700324,0.0,0.0,0.0,0.0,26.426973366677792,41.74325091688378,246.0,0.9539390150511591
1750029142,nodeA,normal,1468564.1588856115,461532.28730861895,1589.7673845459558,497.1040191094884,7.541011080689567,9.0,3.0,0.0194938928688618,28628.032384366248,1.5812229871446786,14.04935202341663,0.0,1.0,7.0,0.0,28.375473566715826,40.83704463622434,252.0,1.0956665385436064
1750029143,nodeA,normal,1385121.9362992384,516338.972346021,1408.9405533776946,489.31931942815726,6.876178238650582,1.0,3.0,0.03360790404301158,46551.0451230152,1.719821122953781,11.86804030904522,0.0,0.0,0.0,0.0,28.69269466008536,41.865176302285434,254.0,1.119740845448923
1750029144,nodeA,normal,1482140.7685058485,733193.2543222789,1632.1368692974618,793.531231760399,7.69243952978202,2.0,3.0,0.053081883517512356,78674.82363038369,1.5747829372562312,11.599315179372608,0.0,0.0,0.0,1.0,29.918219849202917,43.91561024170141,257.0,1.1954793277727924
1750029145,nodeA,normal,1473064.1637494953,510032.432343059,1463.8233693326092,539.9110715613948,7.940977335036514,0.0,3.0,0.11379952909620375,167634.00816318573,1.8115826843600846,10.364727736237858,0.0,0.0,0.0,1.0,28.00316675006811,44.21077289175051,260.0,1.0268549785302974
1750029146,nodeA,normal,1442530.9045858628,663769.9505374159,1325.4478700602056,613.2718168825666,8.295750387992067,2.0,3.0,0.17790113899355228,256627.89095922429,1.380866379461538,11.472935795286773,0.0,1.0,0.0,0.0,28.511050943073826,43.312862686962674,262.0,1.1360490995305113
1750029147,nodeA,normal,1465850.7168466207,562357.3895431403,1403.033944907223,537.1414011040738,8.528187842766178,0.0,3.0,0.15606494188785094,228767.9069409325,1.4306251709875324,10.256047828564293,0.0,0.0,0.0,0.0,27.437935779750315,42.829698544467135,270.0,1.0194584709183865
1750029148,nodeA,normal,1453368.0149340807,696691.5387452475,1446.9131558680247,708.7310382363999,8.606697635448109,2.0,4.0,0.1456037108948666,211615.77627030804,1.1809651093383704,13.078236714192345,0.0,0.0,0.0,0.0,24.852432922337876,40.83765952102646,273.0,0.9138471123553117
1750029149,nodeA,normal,1482970.3829551178,573400.7969707657,1480.1411445024671,535.1244037977453,9.124424928721838,8.0,3.0,0.14945286888402295,221634.17820268054,0.8913966586032593,14.793123558115932,0.0,0.0,7.0,0.0,26.888027238259884,44.17463459624916,271.0,0.9670505357117596
1750029150,nodeA,normal,1503142.6262648797,752432.709752929,1375.4031918322892,757.8388140601184,8.98141633247783,10.0,3.0,0.1378430455754513,207197.75753863336,1.0967840860790412,16.0762003094407,0.0,0.0,7.0,0.0,30.720999009541277,44.569885732247165,274.0,1.0929142991026888
1750029151,nodeA,normal,1457825.6076980412,560180.078725184,1430.968983495458,616.151313418045,8.82676510319031,0.0,3.0,0.17028922223109116,248251.98888346727,1.0580783933716555,18.105219835533177,0.0,0.0,0.0,0.0,32.80184904487934,45.31920322964426,266.0,1.1717578662007482
1750029152,nodeA,normal,1454861.9673968686,648555.7827336406,1358.1477128977936,627.056544501882,9.16412782230705,1.0,3.0,0.181229169780644,263663.42649676884,0.7079007178899329,19.471646946447642,0.0,0.0,0.0,0.0,33.385331444822015,44.12484292013336,258.0,1.199878309532766
1750029153,nodeA,normal,1451285.3779066638,557381.4272528625,1544.4510193668941,599.5128600037312,9.176998725183537,7.0,3.0,0.1892835404275818,274704.43450095435,0.6516571996948017,21.029021111051545,0.0,0.0,7.0,0.0,30.658022021449064,44.124650488801656,262.0,1.0259219138962719
1750029154,nodeA,normal,1405440.8553689737,616201.1914179533,1332.5040672678215,612.035357486014,8.929152997932205,0.0,4.0,0.10529699674464257,147988.7011725745,0.7485416134699175,19.367335505034152,0.0,0.0,0.0,0.0,30.62574014420341,43.24439054476871,268.0,0.9525275179719106
1750029155,nodeA,normal,1355518.2420288539,685602.1772186274,1269.9686409021658,751.0514194423363,9.036691160821743,1.0,3.0,0.10828466661489354,146781.840928501,0.8649295473536375,16.219806619814705,0.0,0.0,0.0,0.0,31.913617274596575,43.685590916007904,259.0,0.9890354798040235
1750029156,nodeA,normal,1329584.026024689,423984.41790229676,1325.9070343939848,410.56361741399894,9.157967864989068,0.0,3.0,0.03342681752078813,44443.7626164821,0.8067802887528702,14.972478321288115,0.0,1.0,0.0,0.0,30.983131318525917,43.0041342609011,263.0,0.9165966255989575
1750029157,nodeA,normal,1343200.580179349,578151.7213847663,1371.3706146827474,546.4431552574928,9.741386590923803,1.0,3.0,0.03605371027117948,48427.36455386643,0.7494411666602011,16.38038787850031,0.0,0.0,0.0,0.0,30.52653739807179,42.76648190793273,262.0,0.9539760659442578
1750029158,nodeA,normal,1352301.4648182197,638125.2090442264,1495.233347439364,674.526757572885,9.921483453940576,2.0,3.0,0.11576351918168942,156547.1765619107,0.6633075240535484,14.55520666265218,0.0,0.0,0.0,0.0,32.21869655151242,42.98973244987462,261.0,1.0262051131392158
1750029159,nodeA,normal,1351391.543986916,622039.2971144363,1484.0561497712174,652.737453204544,9.928997005614775,1.0,3.0,0.15411007496845777,208263.05215556355,0.7631956341335336,16.658445823980678,0.0,0.0,0.0,0.0,31.550510177677225,44.6657740916938,266.0,1.0747947568146237
